ab15580,https://www.abcam.cn/ps/products/15/ab15580/Images/ab15580-248323-anti-ki67-antibody-immunohistochemistry.jpg,Immunohistochemistry (Formalin/PFA-fixed paraffin-embedded sections) - Anti-Ki67 antibody (ab15580)
ab15580,https://www.abcam.cn/ps/products/15/ab15580/Images/ab15580-252462-anti-ki67-antibody-immunofluorescence.jpg,Immunocytochemistry/ Immunofluorescence - Anti-Ki67 antibody (ab15580)
ab15580,https://www.abcam.cn/ps/products/15/ab15580/Images/ab15580-352458-Anti-Ki67-antibody-immunoflourecent-mouse.png,Immunohistochemistry (Formalin/PFA-fixed paraffin-embedded sections) - Anti-Ki67 antibody (ab15580): Image courtesy of Xiang H. et al. Cell Discov. 2017; 3: 17019. doi: 10.1038/celldisc.2017.19 Reproduced under the Creative Commons license http://creativecommons.org/licenses/by/4.0/.
ab15580,https://www.abcam.cn/ps/products/15/ab15580/Images/ab15580-23138-anti-ki67-antibody-flow-cytometry.jpg,Flow Cytometry - Anti-Ki67 antibody (ab15580): This image is courtesy of an anonymous Abreview
ab15580,https://www.abcam.cn/ps/products/15/ab15580/Images/ab15580-23147-anti-ki67-antibody-immunofluorescence.jpg,Immunocytochemistry/ Immunofluorescence - Anti-Ki67 antibody (ab15580)
ab15580,https://www.abcam.cn/ps/products/15/ab15580/Images/ab15580-248320-anti-ki67-antibody-immunohistochemistry.jpg,Immunohistochemistry (Formalin/PFA-fixed paraffin-embedded sections) - Anti-Ki67 antibody (ab15580)
ab15580,https://www.abcam.cn/ps/products/15/ab15580/Images/ab15580-23148-anti-ki67-antibody-immunofluorescence.jpg,"Immunocytochemistry/ Immunofluorescence - Anti-Ki67 antibody (ab15580): Image courtesy of Julien Laffaire, Laboratoire de Neurobiologie, ESPCI, Paris, France"
ab15580,https://www.abcam.cn/ps/products/15/ab15580/Images/ab15580-23142-anti-ki67-antibody-immunohistochemistry.jpg,Immunohistochemistry (Formalin/PFA-fixed paraffin-embedded sections) - Anti-Ki67 antibody (ab15580): This image is courtesy of an anonymous Abreview
ab15580,https://www.abcam.cn/ps/products/15/ab15580/Images/ab15580-23137-anti-ki67-antibody-immunohistochemistry.jpg,Immunohistochemistry (Formalin/PFA-fixed paraffin-embedded sections) - Anti-Ki67 antibody (ab15580): This image is courtesy of an anonymous Abreview
ab15580,https://www.abcam.cn/ps/products/15/ab15580/Images/ab15580-23146-anti-ki67-antibody-immunofluorescence.jpg,"Immunocytochemistry/ Immunofluorescence - Anti-Ki67 antibody (ab15580): This image is courtesy of Kirk McMannus, University of British Columbia"
ab15580,https://www.abcam.cn/ps/products/15/ab15580/Images/ab15580-23144-anti-ki67-antibody-immunofluorescence.jpg,Immunocytochemistry/ Immunofluorescence - Anti-Ki67 antibody (ab15580): This image is courtesy of an Abreview submitted by Dr Jose Javier Martin De Llano
ab15580,https://www.abcam.cn/ps/products/15/ab15580/Images/ab15580-23143-anti-ki67-antibody-immunohistochemistry.jpg,Immunohistochemistry (Formalin/PFA-fixed paraffin-embedded sections) - Anti-Ki67 antibody (ab15580)
ab15580,https://www.abcam.cn/ps/products/15/ab15580/Images/ab15580-267169-anti-ki67-antibody-immunohistochemistry.jpg,Immunohistochemistry (Formalin/PFA-fixed paraffin-embedded sections) - Anti-Ki67 antibody (ab15580): This image is courtesy of an abreview submitted by Jim Manavis
ab15580,https://www.abcam.cn/ps/products/15/ab15580/Images/ab15580-341599-AP40341HeLap1ugmldatasheet.jpg,Immunocytochemistry/ Immunofluorescence - Anti-Ki67 antibody (ab15580)
ab15580,https://www.abcam.cn/ps/products/15/ab15580/Images/ab15580-341598-AP40341MEF1p1ugmljpgdatasheet.jpg,Immunocytochemistry/ Immunofluorescence - Anti-Ki67 antibody (ab15580)
ab1791,https://www.abcam.cn/ps/products/1/ab1791/Images/ab1791-285159-anti-histone-h3-antibody-nuclear-loading-control-and-chip-grade-chipseq.jpg,CHIPseq - Anti-Histone H3 antibody - Nuclear Loading Control and ChIP Grade (ab1791)
ab1791,https://www.abcam.cn/ps/products/1/ab1791/Images/ab1791-243022-anti-histone-h3-antibody-nuclear-loading-control-and-chip-grade-western-blot.jpg,Western blot - Anti-Histone H3 antibody - Nuclear Loading Control and ChIP Grade (ab1791)
ab1791,https://www.abcam.cn/ps/products/1/ab1791/Images/ab1791-4979-anti-histone-h3-antibody-nuclear-loading-control-and-chip-grade-chip.jpg,ChIP - Anti-Histone H3 antibody - Nuclear Loading Control and ChIP Grade (ab1791)
ab1791,https://www.abcam.cn/ps/products/1/ab1791/Images/ab1791-4976-anti-histone-h3-antibody-nuclear-loading-control-and-chip-grade-western-blot.jpg,Western blot - Anti-Histone H3 antibody - Nuclear Loading Control and ChIP Grade (ab1791)
ab1791,https://www.abcam.cn/ps/products/1/ab1791/Images/ab1791-263661-anti-histone-h3-antibody-nuclear-loading-control-and-chip-grade-chip.jpg,ChIP - Anti-Histone H3 antibody - Nuclear Loading Control and ChIP Grade (ab1791)
ab1791,https://www.abcam.cn/ps/products/1/ab1791/Images/ab1791_2.jpg,Western blot - Anti-Histone H3 antibody - Nuclear Loading Control and ChIP Grade (ab1791): This image is courtesy of John E. Mueller and J. Ruth German (Mary Bryk lab)
ab1791,https://www.abcam.cn/ps/products/1/ab1791/Images/ab1791-261067-anti-histone-h3-antibody-nuclear-loading-control-and-chip-grade-immunofluorescence.jpg,Immunocytochemistry/ Immunofluorescence - Anti-Histone H3 antibody - Nuclear Loading Control and ChIP Grade (ab1791): This image is courtesy of an anonymous Abreview
ab1791,https://www.abcam.cn/ps/products/1/ab1791/Images/ab1791-261064-anti-histone-h3-antibody-nuclear-loading-control-and-chip-grade-immunohistochemistry.jpg,Immunohistochemistry (Formalin/PFA-fixed paraffin-embedded sections) - Anti-Histone H3 antibody - Nuclear Loading Control and ChIP Grade (ab1791): This image is courtesy of an anonymous Abreview
ab1791,https://www.abcam.cn/ps/products/1/ab1791/Images/ab1791-285160-anti-histone-h3-antibody-nuclear-loading-control-and-chip-grade-immunohistochemistry.jpg,Immunohistochemistry (Formalin/PFA-fixed paraffin-embedded sections) - Anti-Histone H3 antibody - Nuclear Loading Control and ChIP Grade (ab1791)
ab1791,https://www.abcam.cn/ps/products/1/ab1791/Images/ab1791-285161-anti-histone-h3-antibody-nuclear-loading-control-and-chip-grade-chip.jpg,ChIP - Anti-Histone H3 antibody - Nuclear Loading Control and ChIP Grade (ab1791)
ab1791,https://www.abcam.cn/ps/products/1/ab1791/Images/ab1791-220132-anti-histone-h3-antibody-nuclear-loading-control-and-chip-grade-immunoprecipitation.jpg,Immunoprecipitation - Anti-Histone H3 antibody - Nuclear Loading Control and ChIP Grade (ab1791)
ab1791,https://www.abcam.cn/ps/products/1/ab1791/Images/ab1791-229335-anti-histone-h3-antibody-nuclear-loading-control-and-chip-grade-immunohistochemistry.jpg,Immunohistochemistry (Formalin/PFA-fixed paraffin-embedded sections) - Anti-Histone H3 antibody - Nuclear Loading Control and ChIP Grade (ab1791): This image is courtesy of an anonymous Abreview
ab1791,https://www.abcam.cn/ps/products/1/ab1791/Images/ab1791-261065-anti-histone-h3-antibody-nuclear-loading-control-and-chip-grade-immunohistochemistry.jpg,Immunohistochemistry (Formalin/PFA-fixed paraffin-embedded sections) - Anti-Histone H3 antibody - Nuclear Loading Control and ChIP Grade (ab1791)
ab1791,https://www.abcam.cn/ps/products/1/ab1791/Images/ab1791-261066-anti-histone-h3-antibody-nuclear-loading-control-and-chip-grade-western-blot.jpg,Western blot - Anti-Histone H3 antibody - Nuclear Loading Control and ChIP Grade (ab1791): This image is courtesy of an anonymous Abreview
ab1791,https://www.abcam.cn/ps/products/1/ab1791/Images/ab1791-4978-anti-histone-h3-antibody-nuclear-loading-control-and-chip-grade-flow-cytometry.jpg,Flow Cytometry - Anti-Histone H3 antibody - Nuclear Loading Control and ChIP Grade (ab1791): This image is courtesy of an Abreview submitted by Prof Albrecht MÃ¼ller
ab1791,https://www.abcam.cn/ps/products/1/ab1791/Images/ab1791-4971-anti-histone-h3-antibody-nuclear-loading-control-and-chip-grade-electron-microscopy.jpg,Electron Microscopy - Anti-Histone H3 antibody - Nuclear Loading Control and ChIP Grade (ab1791)
ab1791,https://www.abcam.cn/ps/products/1/ab1791/Images/ab1791-300516-anti-histone-h3-antibody-nuclear-loading-control-and-chip-grade-immunohistochemistry.jpg,Immunohistochemistry (Frozen sections) - Anti-Histone H3 antibody - Nuclear Loading Control and ChIP Grade (ab1791): This image is courtesy of an abreview by Daniel Berg
ab290,https://www.abcam.cn/ps/products/0/ab290/Images/ab290-316645-anti-gfp-antibody-chip-grade-ihc-wholemount.jpg,"IHC - Wholemount - Anti-GFP antibody - ChIP Grade (ab290): Image from Fitzsimons HL et al., PLoS One. 2013;8(12):e83903. Fig   2(B,C).; doi: 10.1371/journal.pone.0083903. Reproduced under the Creative Commons license   http://creativecommons.org/licenses/by/4.0/"
ab290,https://www.abcam.cn/ps/products/0/ab290/Images/ab290-316648-anti-gfp-antibody-chip-grade-immunohistochemistry.jpg,"Immunohistochemistry (Formalin/PFA-fixed paraffin-embedded sections) - Anti-GFP antibody - ChIP Grade (ab290): Image from Yang C et al., PLoS One. 2013;8(11):e79615. Fig 2.;   doi:10.1371/journal.pone.0079615. Reproduced under the Creative Commons license   http://creativecommons.org/licenses/by/4.0/"
ab290,https://www.abcam.cn/ps/products/0/ab290/Images/ab290-261074-anti-gfp-antibody-chip-grade-immunohistochemistry.jpg,Immunohistochemistry - Free Floating - Anti-GFP antibody - ChIP Grade (ab290): This image is courtesy of an Abreview submitted by Judith Kranz
ab290,https://www.abcam.cn/ps/products/0/ab290/Images/ab290-3475-anti-gfp-antibody-chip-grade-immunohistochemistry.jpg,Immunohistochemistry (Formalin/PFA-fixed paraffin-embedded sections) - Anti-GFP antibody - ChIP Grade (ab290): This image is courtesy of an anonymous Abreview
ab290,https://www.abcam.cn/ps/products/0/ab290/Images/abcam290_1.jpg,Immunocytochemistry/ Immunofluorescence - Anti-GFP antibody - ChIP Grade (ab290)
ab290,https://www.abcam.cn/ps/products/0/ab290/Images/ab290-261075-anti-gfp-antibody-chip-grade-immunoprecipitation.jpg,Immunoprecipitation - Anti-GFP antibody - ChIP Grade (ab290): This image is courtesy of an Abreview submitted by William Hung
ab290,https://www.abcam.cn/ps/products/0/ab290/Images/ab290-247907-anti-gfp-antibody-chip-grade-immunofluorescence.jpg,Immunocytochemistry/ Immunofluorescence - Anti-GFP antibody - ChIP Grade (ab290)
ab290,https://www.abcam.cn/ps/products/0/ab290/Images/ab290-3471-anti-gfp-antibody-chip-grade-immunoprecipitation.jpg,Immunoprecipitation - Anti-GFP antibody - ChIP Grade (ab290): This image is courtesy of an Abreview submitted by Vladimir Milenkovic
ab290,https://www.abcam.cn/ps/products/0/ab290/Images/ab290-254029-anti-gfp-antibody-chip-grade-flow-cytometry.jpg,Flow Cytometry - Anti-GFP antibody - ChIP Grade (ab290): Image is courtesy of an anonymous Abreview.
ab290,https://www.abcam.cn/ps/products/0/ab290/Images/ab290-261070-anti-gfp-antibody-chip-grade-immunofluorescence.jpg,Immunocytochemistry/ Immunofluorescence - Anti-GFP antibody - ChIP Grade (ab290): This image is courtesy of an anonymous Abreview
ab290,https://www.abcam.cn/ps/products/0/ab290/Images/ab290-3470-anti-gfp-antibody-chip-grade-western-blot.jpg,Western blot - Anti-GFP antibody - ChIP Grade (ab290)
ab290,https://www.abcam.cn/ps/products/0/ab290/Images/ab290-261072-anti-gfp-antibody-chip-grade-western-blot.jpg,Western blot - Anti-GFP antibody - ChIP Grade (ab290): This image is courtesy of an anonymous Abreview
ab290,https://www.abcam.cn/ps/products/0/ab290/Images/ab290-261073-anti-gfp-antibody-chip-grade-western-blot.jpg,Western blot - Anti-GFP antibody - ChIP Grade (ab290): This image is courtesy of an Abreview submitted by S Houtman
ab5694,https://www.abcam.cn/ps/products/5/ab5694/Images/ab5694-252931-anti-alpha-smooth-muscle-actin-antibody-western-blot.jpg,Western blot - Anti-alpha smooth muscle Actin antibody (ab5694)
ab5694,https://www.abcam.cn/ps/products/5/ab5694/Images/ab5694-353468-Antialpha-smooth-muscle-Actin-antibody-clarity-immunohistochemistry-mammary-tissue-mouse.jpg,"Immunohistochemistry (Formalin/PFA-fixed paraffin-embedded sections) - Anti-alpha smooth muscle Actin antibody (ab5694): Image from Lloyd-Lewis B. et al., Breast Cancer Res. 2016 18: 127. Fig 2.; doi: 10.1186/s13058-016-0754-9. Reproduced under the Creative Commons license http://creativecommons.org/licenses/by/4.0/."
ab5694,https://www.abcam.cn/ps/products/5/ab5694/Images/ab5694_2.jpg,Immunohistochemistry (Formalin/PFA-fixed paraffin-embedded sections) - Anti-alpha smooth muscle Actin antibody (ab5694)
ab5694,https://www.abcam.cn/ps/products/5/ab5694/Images/ab5694-353469-Antialpha-smooth-muscle-Actin-antibody-clarity-immunohistochemistry-pancreas-tissue-mouse-2.jpg,"Immunohistochemistry (Formalin/PFA-fixed paraffin-embedded sections) - Anti-alpha smooth muscle Actin antibody (ab5694): Image from Lee H. et al., BMC Dev Biol. 2014 Dec 21;14:48. Fig 2Bdoi: 10.1186/s12861-014-0048-3 Reproduced under the Creative Commons license http://creativecommons.org/licenses/by/4.0/."
ab5694,https://www.abcam.cn/ps/products/5/ab5694/Images/Ab5694_5.jpg,Immunohistochemistry (Frozen sections) - Anti-alpha smooth muscle Actin antibody (ab5694)
ab5694,https://www.abcam.cn/ps/products/5/ab5694/Images/ab5694-320207-anti-alpha-smooth-muscle-actin-antibody-immunofluorescence.jpg,"Immunocytochemistry/ Immunofluorescence - Anti-alpha smooth muscle Actin antibody (ab5694): Watcott, C.J. et al PLoS One. 2017 Aug 25;12(8):e0183871. doi: 10.1371/journal.pone.0183871. eCollection 2017 Reproduced under the Creative Commons license http://creativecommons.org/licenses/by/4.0/"
ab5694,https://www.abcam.cn/ps/products/5/ab5694/Images/ab5694-320206-5694.JPG,"Immunohistochemistry (Formalin/PFA-fixed paraffin-embedded sections) - Anti-alpha smooth muscle Actin antibody (ab5694): Freytsis, M. et al PLoS One. 2018 Jan 5;13(1):e0190623. doi: 10.1371/journal.pone.0190623. eCollection 2018 Reproduced under the Creative Commons license http://creativecommons.org/licenses/by/4.0/"
ab5694,https://www.abcam.cn/ps/products/5/ab5694/Images/ab5694_6.jpg,Western blot - Anti-alpha smooth muscle Actin antibody (ab5694)
ab5694,https://www.abcam.cn/ps/products/5/ab5694/Images/ab5694-11071-anti-alpha-smooth-muscle-actin-antibody-immunofluorescence.jpg,Immunocytochemistry/ Immunofluorescence - Anti-alpha smooth muscle Actin antibody (ab5694): This image is courtesy of an Abreview submitted by Dr Jianyuan Chai
ab5694,https://www.abcam.cn/ps/products/5/ab5694/Images/ab5694-11070-anti-alpha-smooth-muscle-actin-antibody-immunofluorescence.jpg,Immunocytochemistry/ Immunofluorescence - Anti-alpha smooth muscle Actin antibody (ab5694): This image is courtesy of an anonymous Abreview
ab5694,https://www.abcam.cn/ps/products/5/ab5694/Images/ab5694-252932-anti-alpha-smooth-muscle-actin-antibody-immunohistochemistry.jpg,Immunohistochemistry (Formalin/PFA-fixed paraffin-embedded sections) - Anti-alpha smooth muscle Actin antibody (ab5694)
ab5694,https://www.abcam.cn/ps/products/5/ab5694/Images/ab5694-11069-anti-alpha-smooth-muscle-actin-antibody-western-blot.jpg,Western blot - Anti-alpha smooth muscle Actin antibody (ab5694): This image is a courtesy of Mario Torrado
ab5694,https://www.abcam.cn/ps/products/5/ab5694/Images/alpha-smooth-muscle-Actin-Primary-antibodies-ab5694-119.jpg,Immunohistochemistry (Formalin/PFA-fixed paraffin-embedded sections) - Anti-alpha smooth muscle Actin antibody (ab5694): Image courtesy of an anonymous Abreview.
ab5694,https://www.abcam.cn/ps/products/5/ab5694/Images/ab5694-252933-anti-alpha-smooth-muscle-actin-antibody-immunohistochemistry.jpg,Immunohistochemistry (Formalin/PFA-fixed paraffin-embedded sections) - Anti-alpha smooth muscle Actin antibody (ab5694)
ab5694,https://www.abcam.cn/ps/products/5/ab5694/Images/ab5694_3.jpg,Western blot - Anti-alpha smooth muscle Actin antibody (ab5694)
ab5694,https://www.abcam.cn/ps/products/5/ab5694/Images/alpha-smooth-muscle-Actin-Primary-antibodies-ab5694-15.jpg,Immunohistochemistry (Formalin/PFA-fixed paraffin-embedded sections) - Anti-alpha smooth muscle Actin antibody (ab5694): This image is courtesy of an Anonymous Abreview
ab8226,https://www.abcam.cn/ps/products/8/ab8226/Images/ab8226-219013-anti-beta-actin-antibody-mabcam-8226-loading-control-western-blot.jpg,Western blot - Anti-beta Actin antibody [mAbcam 8226] - Loading Control (ab8226)
ab8226,https://www.abcam.cn/ps/products/8/ab8226/Images/ab8226-13727-anti-beta-actin-antibody-mabcam-8226-loading-control-immunofluorescence.jpg,Immunocytochemistry/ Immunofluorescence - Anti-beta Actin antibody [mAbcam 8226] - Loading Control (ab8226)
ab8226,https://www.abcam.cn/ps/products/8/ab8226/Images/ab8226-249575-anti-beta-actin-antibody-mabcam-8226-loading-control-immunohistochemistry.jpg,Immunohistochemistry (Formalin/PFA-fixed paraffin-embedded sections) - Anti-beta Actin antibody [mAbcam 8226] - Loading Control (ab8226)
ab8226,https://www.abcam.cn/ps/products/8/ab8226/Images/ab8226-249576-anti-beta-actin-antibody-mabcam-8226-loading-control-immunohistochemistry.jpg,Immunohistochemistry (Formalin/PFA-fixed paraffin-embedded sections) - Anti-beta Actin antibody [mAbcam 8226] - Loading Control (ab8226)
ab8226,https://www.abcam.cn/ps/products/8/ab8226/Images/ab8226-13722-anti-beta-actin-antibody-mabcam-8226-loading-control-western-blot.jpg,Western blot - Anti-beta Actin antibody [mAbcam 8226] - Loading Control (ab8226)
ab8226,https://www.abcam.cn/ps/products/8/ab8226/Images/ab8226-13723-anti-beta-actin-antibody-mabcam-8226-loading-control-western-blot.jpg,Western blot - Anti-beta Actin antibody [mAbcam 8226] - Loading Control (ab8226)
ab8226,https://www.abcam.cn/ps/products/8/ab8226/Images/ab8226-13728-anti-beta-actin-antibody-mabcam-8226-loading-control-western-blot.jpg,Western blot - Anti-beta Actin antibody [mAbcam 8226] - Loading Control (ab8226)
ab8226,https://www.abcam.cn/ps/products/8/ab8226/Images/ab8226-13726-anti-beta-actin-antibody-mabcam-8226-loading-control-western-blot.jpg,Western blot - Anti-beta Actin antibody [mAbcam 8226] - Loading Control (ab8226)
ab8226,https://www.abcam.cn/ps/products/8/ab8226/Images/ab8226-13724-anti-beta-actin-antibody-mabcam-8226-loading-control-immunofluorescence.jpg,Immunocytochemistry/ Immunofluorescence - Anti-beta Actin antibody [mAbcam 8226] - Loading Control (ab8226): This image is a courtesy of Anonymous Abreview
ab8227,https://www.abcam.cn/ps/products/8/ab8227/Images/ab8227-219008-anti-beta-actin-antibody-western-blot.jpg,Western blot - Anti-beta Actin antibody (ab8227)
ab8227,https://www.abcam.cn/ps/products/8/ab8227/Images/ab8227-248037-anti-beta-actin-antibody-immunofluorescence.jpg,Immunocytochemistry/ Immunofluorescence - Anti-beta Actin antibody (ab8227)
ab8227,https://www.abcam.cn/ps/products/8/ab8227/Images/ab8227-249043-anti-beta-actin-antibody-immunohistochemistry.jpg,Immunohistochemistry (Formalin/PFA-fixed paraffin-embedded sections) - Anti-beta Actin antibody (ab8227)
ab8227,https://www.abcam.cn/ps/products/8/ab8227/Images/ab8227-247210-anti-beta-actin-antibody-immunofluorescence.jpg,Immunocytochemistry/ Immunofluorescence - Anti-beta Actin antibody (ab8227)
ab8227,https://www.abcam.cn/ps/products/8/ab8227/Images/ab8227-242969-ab8227101ugmlab6720-2-1ugml-hu-colon-x20.jpg,Immunohistochemistry (Formalin/PFA-fixed paraffin-embedded sections) - Anti-beta Actin antibody (ab8227)
ab8227,https://www.abcam.cn/ps/products/8/ab8227/Images/ab8227-295959-AP17371.jpg,Western blot - Anti-beta Actin antibody (ab8227)
ab8227,https://www.abcam.cn/ps/products/8/ab8227/Images/ab8227-219508-WBAP9716712.jpg,Western blot - Anti-beta Actin antibody (ab8227)
ab8227,https://www.abcam.cn/ps/products/8/ab8227/Images/ab8227_7.jpg,Western blot - Anti-beta Actin antibody (ab8227)
ab8227,https://www.abcam.cn/ps/products/8/ab8227/Images/ab8227_6.jpg,Western blot - Anti-beta Actin antibody (ab8227)
ab8227,https://www.abcam.cn/ps/products/8/ab8227/Images/ab8227-226243-anti-beta-actin-antibody-immunohistochemistry.jpg,Immunohistochemistry (Formalin/PFA-fixed paraffin-embedded sections) - Anti-beta Actin antibody (ab8227)
ab7260,https://www.abcam.cn/ps/products/7/ab7260/Images/ab7260-339606-gfapantibodyab7260tissueclearingmousebrain.jpg,Immunohistochemistry - Anti-GFAP antibody (ab7260)
ab7260,https://www.abcam.cn/ps/products/7/ab7260/Images/ab7260-12690-anti-gfap-antibody-immunohistochemistry.jpg,"Immunohistochemistry (Formalin/PFA-fixed paraffin-embedded sections) - Anti-GFAP antibody (ab7260): This image is courtesy of an abreview submitted by Carl Hobbs, King's College London, United Kingdom"
ab7260,https://www.abcam.cn/ps/products/7/ab7260/Images/ab7260-272042-anti-gfap-antibody-immunohistochemistry.jpg,Immunohistochemistry (Formalin/PFA-fixed paraffin-embedded sections) - Anti-GFAP antibody (ab7260)
ab7260,https://www.abcam.cn/ps/products/7/ab7260/Images/ab7260-320203-anti-gfap-antibody-immunohistochemistry.jpg,"Immunohistochemistry (Formalin/PFA-fixed paraffin-embedded sections) - Anti-GFAP antibody (ab7260): Yoon, H. et al PLoS One. 2017 Jul 10;12(7):e0180697. doi: 10.1371/journal.pone.0180697. eCollection 2017 Reproduced under the Creative Commons license http://creativecommons.org/licenses/by/4.0/"
ab7260,https://www.abcam.cn/ps/products/7/ab7260/Images/ab7260-320200-anti-gfap-antibody-immunohistochemistry.jpg,Immunohistochemistry (Frozen sections) - Anti-GFAP antibody (ab7260): Barazzuol et al PLoS Biol. 2017 May 10;15(5):e2001264. doi: 10.1371/journal.pbio.2001264. eCollection 2017 May Reproduced under the Creative Commons license http://creativecommons.org/licenses/by/4.0/
ab7260,https://www.abcam.cn/ps/products/7/ab7260/Images/ab7260-261239-anti-gfap-antibody-immunofluorescence.jpg,Immunocytochemistry/ Immunofluorescence - Anti-GFAP antibody (ab7260)
ab7260,https://www.abcam.cn/ps/products/7/ab7260/Images/ab7260-320199-anti-gfap-antibody-western-blot.jpg,Western blot - Anti-GFAP antibody (ab7260)
ab7260,https://www.abcam.cn/ps/products/7/ab7260/Images/ab7260-12685-anti-gfap-antibody-western-blot.jpg,Western blot - Anti-GFAP antibody (ab7260): This image is courtesy of an anonymous Abreview
ab7260,https://www.abcam.cn/ps/products/7/ab7260/Images/ab7260-12688-anti-gfap-antibody-immunohistochemistry.jpg,Immunohistochemistry (Frozen sections) - Anti-GFAP antibody (ab7260): This image is courtesy of an Abreview submitted by Ms Nancy Nutile-McMenemy
ab7260,https://www.abcam.cn/ps/products/7/ab7260/Images/ab7260-222848-anti-gfap-antibody-ihc-wholemount.jpg,IHC - Wholemount - Anti-GFAP antibody (ab7260): This image is courtesy of an anonymous Abreview
ab7260,https://www.abcam.cn/ps/products/7/ab7260/Images/ab7260-260822-anti-gfap-antibody-western-blot.jpg,Western blot - Anti-GFAP antibody (ab7260)
ab7260,https://www.abcam.cn/ps/products/7/ab7260/Images/ab7260-272041-anti-gfap-antibody-immunohistochemistry.jpg,Immunohistochemistry (Formalin/PFA-fixed paraffin-embedded sections) - Anti-GFAP antibody (ab7260)
ab7260,https://www.abcam.cn/ps/products/7/ab7260/Images/ab7260-255344-anti-gfap-antibody-immunofluorescence.jpg,Immunocytochemistry/ Immunofluorescence - Anti-GFAP antibody (ab7260): This image is courtesy of an Abreview submitted by Chia-Li Lin.
ab7260,https://www.abcam.cn/ps/products/7/ab7260/Images/ab7260-12689-anti-gfap-antibody-immunofluorescence.jpg,Immunocytochemistry/ Immunofluorescence - Anti-GFAP antibody (ab7260)
ab7260,https://www.abcam.cn/ps/products/7/ab7260/Images/ab7260-12686-anti-gfap-antibody-immunohistochemistry.jpg,Immunohistochemistry (Formalin/PFA-fixed paraffin-embedded sections) - Anti-GFAP antibody (ab7260): This image is courtesy of an Abreview submitted by Mr Osama Mohsen
ab7260,https://www.abcam.cn/ps/products/7/ab7260/Images/ab7260-12687-anti-gfap-antibody-western-blot.jpg,Western blot - Anti-GFAP antibody (ab7260)
ab7260,https://www.abcam.cn/ps/products/7/ab7260/Images/ab7260-254204-anti-gfap-antibody-immunohistochemistry.jpg,Immunohistochemistry (Formalin/PFA-fixed paraffin-embedded sections) - Anti-GFAP antibody (ab7260): Image is courtesy of an anonymous AbReview.
ab7260,https://www.abcam.cn/ps/products/7/ab7260/Images/ab7260-12683-anti-gfap-antibody-immunofluorescence.jpg,Immunocytochemistry/ Immunofluorescence - Anti-GFAP antibody (ab7260): This image is courtesy of an Abreview submitted by Ms Nancy Nutile-McMenemy
ab7260,https://www.abcam.cn/ps/products/7/ab7260/Images/ab7260-12684-anti-gfap-antibody-immunohistochemistry.jpg,Immunohistochemistry (Formalin/PFA-fixed paraffin-embedded sections) - Anti-GFAP antibody (ab7260): This image was kindly supplied by Dr Vladimir Milenkovic by Abreview
ab7260,https://www.abcam.cn/ps/products/7/ab7260/Images/ab7260-340250-GFAP-antibody-neurospheroid-clearing-ab7260-V2.jpg,Immunocytochemistry - Anti-GFAP antibody (ab7260)
